[
  {
    "question": "Which of the following is NOT a component of the marketing mix (4Ps)?",
    "options": [
      "Product",
      "Price",
      "Promotion",
      "Profit"
    ],
    "answer": "Profit",
    "feedback": "The correct answer is Profit."
  },
  {
    "question": "The process of dividing a market into distinct groups of buyers is called?",
    "options": [
      "Market segmentation",
      "Target marketing",
      "Market positioning",
      "Market diversification"
    ],
    "answer": "Market segmentation",
    "feedback": "The correct answer is Market segmentation."
  },
  {
    "question": "A short-term incentive to encourage the purchase of a product is known as?",
    "options": [
      "Advertising",
      "Public relations",
      "Sales promotion",
      "Personal selling"
    ],
    "answer": "Sales promotion",
    "feedback": "The correct answer is Sales promotion."
  },
  {
    "question": "The amount of money charged for a product or service is referred to as?",
    "options": [
      "Fare",
      "Price",
      "Revenue",
      "Cash"
    ],
    "answer": "Price",
    "feedback": "The correct answer is Price."
  },
  {
    "question": "An advertising medium with the highest coverage area is:",
    "options": [
      "Billboard",
      "Catalogue",
      "Magazine",
      "Television"
    ],
    "answer": "Television",
    "feedback": "The correct answer is Television."
  },
  {
    "question": "A pricing strategy where the buyer and seller bargain is called:",
    "options": [
      "Cost-plus pricing",
      "Haggling",
      "Skimming pricing",
      "Penetration pricing"
    ],
    "answer": "Haggling",
    "feedback": "The correct answer is Haggling."
  },
  {
    "question": "The process of organizing and interpreting information is known as:",
    "options": [
      "Motivation",
      "Perception",
      "Learning",
      "Belief"
    ],
    "answer": "Perception",
    "feedback": "The correct answer is Perception."
  },
  {
    "question": "The set of tools used to implement a marketing strategy is called the:",
    "options": [
      "Marketing mix",
      "Marketing strategy",
      "Marketing concept",
      "Marketing environment"
    ],
    "answer": "Marketing mix",
    "feedback": "The correct answer is Marketing mix."
  },
  {
    "question": "Marketing programs suited to specific areas are called:",
    "options": [
      "Mass marketing",
      "Differentiated marketing",
      "Micromarketing",
      "Global marketing"
    ],
    "answer": "Micromarketing",
    "feedback": "The correct answer is Micromarketing."
  },
  {
    "question": "Goods bought frequently, immediately, and with minimal effort are:",
    "options": [
      "Convenience products",
      "Shopping products",
      "Specialty products",
      "Unsought products"
    ],
    "answer": "Convenience products",
    "feedback": "The correct answer is Convenience products."
  },
  {
    "question": "Which of the following is NOT a component of the marketing mix (4Ps)? (Set 11)",
    "options": [
      "Product",
      "Price",
      "Promotion",
      "Profit"
    ],
    "answer": "Profit",
    "feedback": "The correct answer is Profit."
  },
  {
    "question": "The process of dividing a market into distinct groups of buyers is called? (Set 12)",
    "options": [
      "Market segmentation",
      "Target marketing",
      "Market positioning",
      "Market diversification"
    ],
    "answer": "Market segmentation",
    "feedback": "The correct answer is Market segmentation."
  },
  {
    "question": "A short-term incentive to encourage the purchase of a product is known as? (Set 13)",
    "options": [
      "Advertising",
      "Public relations",
      "Sales promotion",
      "Personal selling"
    ],
    "answer": "Sales promotion",
    "feedback": "The correct answer is Sales promotion."
  },
  {
    "question": "The amount of money charged for a product or service is referred to as? (Set 14)",
    "options": [
      "Fare",
      "Price",
      "Revenue",
      "Cash"
    ],
    "answer": "Price",
    "feedback": "The correct answer is Price."
  },
  {
    "question": "An advertising medium with the highest coverage area is: (Set 15)",
    "options": [
      "Billboard",
      "Catalogue",
      "Magazine",
      "Television"
    ],
    "answer": "Television",
    "feedback": "The correct answer is Television."
  },
  {
    "question": "A pricing strategy where the buyer and seller bargain is called: (Set 16)",
    "options": [
      "Cost-plus pricing",
      "Haggling",
      "Skimming pricing",
      "Penetration pricing"
    ],
    "answer": "Haggling",
    "feedback": "The correct answer is Haggling."
  },
  {
    "question": "The process of organizing and interpreting information is known as: (Set 17)",
    "options": [
      "Motivation",
      "Perception",
      "Learning",
      "Belief"
    ],
    "answer": "Perception",
    "feedback": "The correct answer is Perception."
  },
  {
    "question": "The set of tools used to implement a marketing strategy is called the: (Set 18)",
    "options": [
      "Marketing mix",
      "Marketing strategy",
      "Marketing concept",
      "Marketing environment"
    ],
    "answer": "Marketing mix",
    "feedback": "The correct answer is Marketing mix."
  },
  {
    "question": "Marketing programs suited to specific areas are called: (Set 19)",
    "options": [
      "Mass marketing",
      "Differentiated marketing",
      "Micromarketing",
      "Global marketing"
    ],
    "answer": "Micromarketing",
    "feedback": "The correct answer is Micromarketing."
  },
  {
    "question": "Goods bought frequently, immediately, and with minimal effort are: (Set 20)",
    "options": [
      "Convenience products",
      "Shopping products",
      "Specialty products",
      "Unsought products"
    ],
    "answer": "Convenience products",
    "feedback": "The correct answer is Convenience products."
  },
  {
    "question": "Which of the following is NOT a component of the marketing mix (4Ps)? (Set 21)",
    "options": [
      "Product",
      "Price",
      "Promotion",
      "Profit"
    ],
    "answer": "Profit",
    "feedback": "The correct answer is Profit."
  },
  {
    "question": "The process of dividing a market into distinct groups of buyers is called? (Set 22)",
    "options": [
      "Market segmentation",
      "Target marketing",
      "Market positioning",
      "Market diversification"
    ],
    "answer": "Market segmentation",
    "feedback": "The correct answer is Market segmentation."
  },
  {
    "question": "A short-term incentive to encourage the purchase of a product is known as? (Set 23)",
    "options": [
      "Advertising",
      "Public relations",
      "Sales promotion",
      "Personal selling"
    ],
    "answer": "Sales promotion",
    "feedback": "The correct answer is Sales promotion."
  },
  {
    "question": "The amount of money charged for a product or service is referred to as? (Set 24)",
    "options": [
      "Fare",
      "Price",
      "Revenue",
      "Cash"
    ],
    "answer": "Price",
    "feedback": "The correct answer is Price."
  },
  {
    "question": "An advertising medium with the highest coverage area is: (Set 25)",
    "options": [
      "Billboard",
      "Catalogue",
      "Magazine",
      "Television"
    ],
    "answer": "Television",
    "feedback": "The correct answer is Television."
  },
  {
    "question": "A pricing strategy where the buyer and seller bargain is called: (Set 26)",
    "options": [
      "Cost-plus pricing",
      "Haggling",
      "Skimming pricing",
      "Penetration pricing"
    ],
    "answer": "Haggling",
    "feedback": "The correct answer is Haggling."
  },
  {
    "question": "The process of organizing and interpreting information is known as: (Set 27)",
    "options": [
      "Motivation",
      "Perception",
      "Learning",
      "Belief"
    ],
    "answer": "Perception",
    "feedback": "The correct answer is Perception."
  },
  {
    "question": "The set of tools used to implement a marketing strategy is called the: (Set 28)",
    "options": [
      "Marketing mix",
      "Marketing strategy",
      "Marketing concept",
      "Marketing environment"
    ],
    "answer": "Marketing mix",
    "feedback": "The correct answer is Marketing mix."
  },
  {
    "question": "Marketing programs suited to specific areas are called: (Set 29)",
    "options": [
      "Mass marketing",
      "Differentiated marketing",
      "Micromarketing",
      "Global marketing"
    ],
    "answer": "Micromarketing",
    "feedback": "The correct answer is Micromarketing."
  },
  {
    "question": "Goods bought frequently, immediately, and with minimal effort are: (Set 30)",
    "options": [
      "Convenience products",
      "Shopping products",
      "Specialty products",
      "Unsought products"
    ],
    "answer": "Convenience products",
    "feedback": "The correct answer is Convenience products."
  },
  {
    "question": "Which of the following is NOT a component of the marketing mix (4Ps)? (Set 31)",
    "options": [
      "Product",
      "Price",
      "Promotion",
      "Profit"
    ],
    "answer": "Profit",
    "feedback": "The correct answer is Profit."
  },
  {
    "question": "The process of dividing a market into distinct groups of buyers is called? (Set 32)",
    "options": [
      "Market segmentation",
      "Target marketing",
      "Market positioning",
      "Market diversification"
    ],
    "answer": "Market segmentation",
    "feedback": "The correct answer is Market segmentation."
  },
  {
    "question": "A short-term incentive to encourage the purchase of a product is known as? (Set 33)",
    "options": [
      "Advertising",
      "Public relations",
      "Sales promotion",
      "Personal selling"
    ],
    "answer": "Sales promotion",
    "feedback": "The correct answer is Sales promotion."
  },
  {
    "question": "The amount of money charged for a product or service is referred to as? (Set 34)",
    "options": [
      "Fare",
      "Price",
      "Revenue",
      "Cash"
    ],
    "answer": "Price",
    "feedback": "The correct answer is Price."
  },
  {
    "question": "An advertising medium with the highest coverage area is: (Set 35)",
    "options": [
      "Billboard",
      "Catalogue",
      "Magazine",
      "Television"
    ],
    "answer": "Television",
    "feedback": "The correct answer is Television."
  },
  {
    "question": "A pricing strategy where the buyer and seller bargain is called: (Set 36)",
    "options": [
      "Cost-plus pricing",
      "Haggling",
      "Skimming pricing",
      "Penetration pricing"
    ],
    "answer": "Haggling",
    "feedback": "The correct answer is Haggling."
  },
  {
    "question": "The process of organizing and interpreting information is known as: (Set 37)",
    "options": [
      "Motivation",
      "Perception",
      "Learning",
      "Belief"
    ],
    "answer": "Perception",
    "feedback": "The correct answer is Perception."
  },
  {
    "question": "The set of tools used to implement a marketing strategy is called the: (Set 38)",
    "options": [
      "Marketing mix",
      "Marketing strategy",
      "Marketing concept",
      "Marketing environment"
    ],
    "answer": "Marketing mix",
    "feedback": "The correct answer is Marketing mix."
  },
  {
    "question": "Marketing programs suited to specific areas are called: (Set 39)",
    "options": [
      "Mass marketing",
      "Differentiated marketing",
      "Micromarketing",
      "Global marketing"
    ],
    "answer": "Micromarketing",
    "feedback": "The correct answer is Micromarketing."
  },
  {
    "question": "Goods bought frequently, immediately, and with minimal effort are: (Set 40)",
    "options": [
      "Convenience products",
      "Shopping products",
      "Specialty products",
      "Unsought products"
    ],
    "answer": "Convenience products",
    "feedback": "The correct answer is Convenience products."
  }
]